{
    "settings": {
        "options": {
            "show_on_front": "page"
        },
        "theme_mods": {
            "0": false,
            "nav_menu_locations": {
                "footer": "social",
                "secondary": "primary",
                "primary": "primary"
            },
            "header_textcolor": "303030",
            "background_color": "ffffff",
            "background_image": "",
            "background_repeat": "repeat",
            "background_position_x": "left",
            "background_attachment": "scroll",
            "edin_menu_style": "default",
            "edin_sidebar_position": "right",
            "edin_thumbnail_style": "landscape",
            "edin_search_header": true,
            "edin_title_front_page": false,
            "edin_featured_page_one_front_page": "_hs_about_page",
            "edin_featured_page_two_front_page": "_hs_contact_page",
            "edin_featured_page_three_front_page": "_hs_blog_page",
            "colors_manager": {
                "colors": {
                    "bg": "#ffffff",
                    "link": "#1279be"
                }
            },
            "header_image": "remove-header",
            "edin_breadcrumbs": false,
            "edin_featured_image_remove_filter": false
        },
        "headstart": {
            "mapped_id_options": [],
            "mapped_id_theme_mods": [
                "edin_featured_page_one_front_page",
                "edin_featured_page_two_front_page",
                "edin_featured_page_three_front_page"
            ]
        }
    },
    "widgets": [
        {
            "id": "search-2",
            "id_base": "search",
            "settings": {
                "title": ""
            },
            "sidebar": "sidebar-1",
            "position": 0
        },
        {
            "id": "text-2",
            "id_base": "text",
            "settings": {
                "title": "Sidebar Text Widget",
                "text": "This is a text widget. The Text Widget allows you to add text or HTML to your sidebar. You can use a text widget to display text, links, images, HTML, or a combination of these. Edit them in the Widget section of the <a href=\"https:\/\/wordpress.com\/customize\/\">Customizer<\/a>."
            },
            "sidebar": "sidebar-1",
            "position": 1
        },
        {
            "id": "widget_contact_info-2",
            "id_base": "widget_contact_info",
            "settings": {
                "title": "Our Location",
                "address": "1-4 Langley Court\r\nLondon WC2E 9JY\r\nUnited Kingdom",
                "phone": "+4420 7430 2696",
                "hours": "",
                "lat": 51.5126373,
                "lon": -0.1246993,
                "showmap": 1
            },
            "sidebar": "sidebar-2",
            "position": 0
        },
        {
            "id": "text-3",
            "id_base": "text",
            "settings": {
                "title": "Text Widget",
                "text": "This is a text widget. The Text Widget allows you to add text or HTML to your sidebar. You can use a text widget to display text, links, images, HTML, or a combination of these. Edit them in the Widget section of the <a href=\"https:\/\/wordpress.com\/customize\/\">Customizer<\/a>."
            },
            "sidebar": "sidebar-3",
            "position": 0
        },
        {
            "id": "nav_menu-2",
            "id_base": "nav_menu",
            "settings": {
                "title": "Footer Three Menu Widget",
                "nav_menu": "primary"
            },
            "sidebar": "sidebar-4",
            "position": 0
        },
        {
            "id": "text-4",
            "id_base": "text",
            "settings": {
                "title": "Front Page One Text Widget",
                "text": "This is a text widget. The Text Widget allows you to add text or HTML to your sidebar. You can use a text widget to display text, links, images, HTML, or a combination of these. Edit them in the Widget section of the <a href=\"https:\/\/wordpress.com\/customize\/\">Customizer<\/a>."
            },
            "sidebar": "sidebar-5",
            "position": 0
        },
        {
            "id": "text-5",
            "id_base": "text",
            "settings": {
                "title": "Front Page Two Text Widget",
                "text": "This is a text widget. The Text Widget allows you to add text or HTML to your sidebar. You can use a text widget to display text, links, images, HTML, or a combination of these. Edit them in the Widget section of the <a href=\"https:\/\/wordpress.com\/customize\/\">Customizer<\/a>."
            },
            "sidebar": "sidebar-6",
            "position": 0
        },
        {
            "id": "recent-posts-2",
            "id_base": "recent-posts",
            "settings": {
                "title": "Footer Three Menu Widget"
            },
            "sidebar": "sidebar-7",
            "position": 0
        }
    ],
    "content": [
        {
            "post_title": "Home",
            "post_content": "Welcome to your new site!  You can edit this page by clicking on the Edit link.  For more information about customizing your site check out <a href=\"http:\/\/learn.wordpress.com\/\">http:\/\/learn.wordpress.com\/<\/a>",
            "post_excerpt": "This is the home page's excerpt",
            "post_status": "publish",
            "menu_order": 0,
            "comment_status": "closed",
            "ping_status": "closed",
            "post_type": "page",
            "hs_custom_meta": "_hs_front_page",
            "hs_sharing": 1,
            "hs_like_status": 1,
            "hs_old_id": 100,
            "attachment_url": "https:\/\/edindemo.files.wordpress.com\/2014\/07\/homepage11.jpg",
            "page_template": "page-templates\/front-page.php"
        },
        {
            "post_title": "About",
            "post_content": "This is an example of an about page. Unlike posts, pages are better suited for more timeless content that you want to be easily accessible, like your About or Contact information. Click the Edit link to make changes to this page or <a href=\"https:\/\/wordpress.com\/page\">add another page<\/a>.",
            "post_excerpt": "This is just a short excerpt for the about&nbsp;page.",
            "post_status": "publish",
            "menu_order": 1,
            "comment_status": "closed",
            "ping_status": "closed",
            "post_type": "page",
            "hs_custom_meta": "_hs_about_page",
            "hs_sharing": 1,
            "hs_like_status": 1,
            "hs_old_id": 101,
            "attachment_url": "https:\/\/edindemo.files.wordpress.com\/2014\/07\/grid1.jpg"
        },
        {
            "post_title": "Contact",
            "post_content": "This is a contact page with some basic contact information and a contact form. [contact-form][contact-field label=\"Name\" type=\"name\" required=\"1\"\/][contact-field label=\"Email\" type=\"email\" required=\"1\"\/][contact-field label=\"Website\" type=\"url\"\/][contact-field label=\"Comment\" type=\"textarea\" required=\"1\"\/][\/contact-form]",
            "post_excerpt": "This is just a short excerpt for the contact&nbsp;page.",
            "post_status": "publish",
            "menu_order": 2,
            "comment_status": "closed",
            "ping_status": "closed",
            "post_type": "page",
            "hs_custom_meta": "_hs_contact_page",
            "hs_sharing": 1,
            "hs_like_status": 1,
            "hs_old_id": 102,
            "attachment_url": "https:\/\/edindemo.files.wordpress.com\/2014\/07\/full-width1.jpg"
        },
        {
            "post_title": "Blog",
            "post_content": "This is the page where users will find your site's blog",
            "post_excerpt": "This is just a short excerpt about your blog.",
            "post_status": "publish",
            "menu_order": 3,
            "comment_status": "closed",
            "ping_status": "closed",
            "post_type": "page",
            "hs_custom_meta": "_hs_blog_page",
            "hs_sharing": 1,
            "hs_old_id": 103,
            "hs_like_status": 1
        },
        {
            "post_title": "First blog post",
            "post_content": "This is your very first post. Click the Edit link to modify or delete it, or <a href=\"https:\/\/wordpress.com\/post\">start a new post<\/a>. If you like, use this post to tell readers why you started this blog and what you plan to do with it.",
            "post_excerpt": "This is the excerpt for your very first post.",
            "post_status": "publish",
            "comment_status": "open",
            "ping_status": "open",
            "post_type": "post",
            "hs_custom_meta": "_hs_first_post",
            "hs_sharing": 1,
            "hs_like_status": 0,
            "attachment_url": "https:\/\/edindemo.files.wordpress.com\/2014\/07\/alternate-sidebar1.jpg"
        }
    ],
    "menus": {
        "social": {
            "name": "Social",
            "items": [
                {
                    "menu-item-title": "Facebook",
                    "menu-item-db-id": 105,
                    "menu-item-object-id": "105",
                    "menu-item-object": "custom",
                    "menu-item-type": "custom",
                    "menu-item-status": "publish",
                    "menu-item-position": 1,
                    "menu-item-parent-id": "0",
                    "menu-item-description": "",
                    "menu-item-url": "http:\/\/facebook.com"
                },
                {
                    "menu-item-title": "Twitter",
                    "menu-item-db-id": 106,
                    "menu-item-object-id": "106",
                    "menu-item-object": "custom",
                    "menu-item-type": "custom",
                    "menu-item-status": "publish",
                    "menu-item-position": 2,
                    "menu-item-parent-id": "0",
                    "menu-item-description": "",
                    "menu-item-url": "http:\/\/twitter.com"
                },
                {
                    "menu-item-title": "Pinterest",
                    "menu-item-db-id": 108,
                    "menu-item-object-id": "108",
                    "menu-item-object": "custom",
                    "menu-item-type": "custom",
                    "menu-item-status": "publish",
                    "menu-item-position": 3,
                    "menu-item-parent-id": "0",
                    "menu-item-description": "",
                    "menu-item-url": "http:\/\/pinterest.com"
                },
                {
                    "menu-item-title": "LinkedIn",
                    "menu-item-db-id": 107,
                    "menu-item-object-id": "107",
                    "menu-item-object": "custom",
                    "menu-item-type": "custom",
                    "menu-item-status": "publish",
                    "menu-item-position": 4,
                    "menu-item-parent-id": "0",
                    "menu-item-description": "",
                    "menu-item-url": "http:\/\/linkedin.com"
                }
            ]
        }
    }
}